dataset,num_nodes,num_features,total_entries,nonzero_entries,feature_density,feature_sparsity,mean_nnz_per_node,std_nnz_per_node,median_nnz_per_node,min_nnz_per_node,max_nnz_per_node,mean_node_density,median_node_density,zero_feature_node_fraction,storage_format,dtype,feature_source
Chameleon,2277,2325,5294025,29157,0.005507529715103348,0.9944924702848966,12.805006587615283,14.714758602843792,7.0,0,89,0.005507529715103347,0.003010752688172043,0.1023276240667545,torch_dense,torch.float32,cgnn.data.load_dataset('chameleon').data.x
Squirrel,5201,2089,10864889,93477,0.008603585365667334,0.9913964146343327,17.97288982887906,18.865787408037306,12.0,0,209,0.008603585365667334,0.0057443752991862135,0.03172466833301288,torch_dense,torch.float32,cgnn.data.load_dataset('squirrel').data.x
Coauthor,18333,6805,124756065,1092079,0.008753714699161119,0.9912462853008389,59.56902852779142,51.273548853186604,45.0,1,666,0.008753714699161119,0.006612784717119765,0.0,torch_dense,torch.float32,"Coauthor-CS NPZ attributes, float32 with positive values binarised to 1 as in PyG read_npz"
Cora,2708,1433,3880564,49216,0.012682692515830173,0.9873173074841698,18.174298375184637,5.75694722459032,20.0,1,30,0.012682692515830176,0.013956734124214934,0.0,torch_dense,torch.float32,cgnn.data.load_dataset('cora').data.x
Patents,2923922,269,786535018,14619610,0.01858736059479554,0.9814126394052045,5.0,0.0,5.0,5,5,0.018587360594795543,0.01858736059479554,0.0,torch_dense,torch.float32,snap-patents.mat['node_feat'] (the loader densifies to float32; analysed as the equivalent sparse source)
Reddit2,232965,602,140244930,139733129,0.996350663086359,0.003649336913640999,599.8030991779881,24.5292616642754,602.0,1,602,0.9963506630863591,1.0,0.0,torch_dense,torch.float32,reddit2/raw/feats.npy cast to float32 by the loader (analysed row-wise from a memory map)
Roman Empire,22662,300,6798600,6780000,0.9972641426175978,0.002735857382402229,299.1792427852793,15.670147478906742,300.0,0,300,0.9972641426175978,1.0,0.002735857382402259,torch_dense,torch.float32,cgnn.data.load_dataset('roman_empire').data.x
ArXiv,169343,128,21675904,21675862,0.99999806236455,1.937635449977826e-06,127.9997519826624,0.015746613127691492,128.0,127,128,0.99999806236455,1.0,0.0,torch_dense,torch.float32,cgnn.data.load_dataset('arxiv').data.x
Amazon-Ratings,24492,300,7347600,7347600,1.0,0.0,300.0,0.0,300.0,300,300,1.0,1.0,0.0,torch_dense,torch.float32,cgnn.data.load_dataset('amazon_ratings').data.x
